{"name":"be811538-3fbf-45e6-82aa-7458d8ab5c03","id":"/providers/Microsoft.Flow/flows/be811538-3fbf-45e6-82aa-7458d8ab5c03","type":"Microsoft.Flow/flows","properties":{"apiId":"/providers/Microsoft.PowerApps/apis/shared_logicflows","displayName":"Reassign Disabled App Owners v2.1","definition":{"metadata":{"workflowEntityId":null,"processAdvisorMetadata":null,"flowclientsuspensionreason":"None","flowclientsuspensiontime":null,"creator":{"id":"3f7dae00-15a8-4a97-aa25-b1eae22fcf65","type":"User","tenantId":"26d535c6-5cca-4e72-84f1-de6bbf788e0e"},"provisioningMethod":"FromDefinition","failureAlertSubscription":true,"clientLastModifiedTime":"2022-06-08T04:42:24.0760361Z"},"$schema":"https://schema.management.azure.com/providers/Microsoft.Logic/schemas/2016-06-01/workflowdefinition.json#","contentVersion":"1.0.0.0","parameters":{"$connections":{"defaultValue":{},"type":"Object"},"$authentication":{"defaultValue":{},"type":"SecureObject"}},"triggers":{"Recurrence":{"recurrence":{"frequency":"Day","interval":1,"startTime":"2021-08-20T14:00:00.000Z"},"metadata":{"operationMetadataId":"ccf70dd6-0603-4b86-adff-c24c9af22e31"},"type":"Recurrence"}},"actions":{"init_array_flow":{"runAfter":{"Init_Array_messageBody":["Succeeded"]},"metadata":{"operationMetadataId":"f487ff2f-263d-4bc8-9516-0b38b93967ee"},"type":"InitializeVariable","inputs":{"variables":[{"name":"array_flow","type":"array"}]}},"Init_Array_messageBody":{"runAfter":{},"metadata":{"operationMetadataId":"87e25063-ab66-4607-ae43-3102513c23d3"},"type":"InitializeVariable","inputs":{"variables":[{"name":"array_messageBody","type":"array"}]}},"For_Each_app_in_Environment":{"foreach":"@outputs('List_Environments_as_Admin')?['body/value']","actions":{"Compose_-_Set_Environment":{"runAfter":{},"metadata":{"operationMetadataId":"ed3313a8-31d9-4044-9881-39e4f8159f58"},"type":"Compose","inputs":"@items('For_Each_app_in_Environment')?['properties/displayName']"},"Get_Apps_from_Environments":{"runAfter":{"Compose_-_Set_Environment":["Succeeded"]},"metadata":{"operationMetadataId":"b4fde08b-5e91-4242-953e-ee692e94f405"},"type":"OpenApiConnection","inputs":{"host":{"apiId":"/providers/Microsoft.PowerApps/apis/shared_powerappsforadmins","connectionName":"shared_powerappsforadmins_1","operationId":"Get-AdminApps"},"parameters":{"environment":"@items('For_Each_app_in_Environment')?['name']","api-version":"2016-11-01","$top":500},"authentication":"@parameters('$authentication')"}},"For_each_app":{"foreach":"@outputs('Get_Apps_from_Environments')?['body/value']","actions":{"Condition_-_Check_if_Owner_Account_is_Disabled":{"actions":{"Create_HTML_table_2":{"runAfter":{"Set_variable":["Succeeded"]},"metadata":{"operationMetadataId":"03f3882d-50e4-46cc-881f-55fdef2bae5e"},"type":"Table","inputs":{"from":"@variables('MessageBody')","format":"HTML"}},"Compose_2":{"runAfter":{"Create_HTML_table_2":["Succeeded"]},"metadata":{"operationMetadataId":"c03b37a3-e26f-4f5f-9103-995f77624f31"},"type":"Compose","inputs":"@body('Create_HTML_table_2')"},"Send_an_email_(V2)_2":{"runAfter":{"Compose_2":["Succeeded"]},"metadata":{"operationMetadataId":"9be7bc0a-e623-4831-9d43-ac68cbc049e7"},"type":"OpenApiConnection","inputs":{"host":{"apiId":"/providers/Microsoft.PowerApps/apis/shared_office365","connectionName":"shared_office365","operationId":"SendEmailV2"},"parameters":{"emailMessage/To":"admin@D365DemoTS407089.OnMicrosoft.com","emailMessage/Subject":"Automatic Owner Update to Power App - @{variables('oldOwnerName')} Disabled","emailMessage/Body":"<p><strong>An app with a disabled owner has been reassigned to the System Administrator as a new owner</strong><br>\n<br>\n@{body('Create_HTML_table_2')}</p>"},"authentication":"@parameters('$authentication')"}},"Set_variable":{"runAfter":{"Set_App_Owner":["Succeeded"]},"metadata":{"operationMetadataId":"33365470-d542-49e9-907a-7cb584963696"},"type":"SetVariable","inputs":{"name":"MessageBody","value":"{\n  \"Environment\": @{items('For_each_app')?['properties/environment/name']},\n  \"Power App Name\": @{items('For_each_app')?['name']},\n  \"Created By\": @{items('For_each_app')?['properties/createdBy/displayName']},\n  \"App Id\":@{items('For_each_app')?['id']} ,\n  \"Old App Owner\": @{variables('oldOwnerName')},\n  \"New App Owner\": @{outputs('Get_my_profile_(V2)_2')?['body/displayName']}(@{outputs('Get_my_profile_(V2)_2')?['body/userPrincipalName']})  @{outputs('Get_my_profile_(V2)_2')?['body/id']}\n}"}},"Get_my_profile_(V2)_2":{"runAfter":{},"metadata":{"operationMetadataId":"dc39066b-c86f-453c-8eb8-1452256d3fb8"},"type":"OpenApiConnection","inputs":{"host":{"apiId":"/providers/Microsoft.PowerApps/apis/shared_office365users","connectionName":"shared_office365users","operationId":"MyProfile_V2"},"parameters":{"$select":"Mail"},"authentication":"@parameters('$authentication')"},"description":"Flow is currently set to run and use the Flow Owner's Office 365 Profile to set Ownership and Send Email"},"Set_App_Owner":{"runAfter":{"Get_my_profile_(V2)_2":["Succeeded"]},"metadata":{"operationMetadataId":"4298414b-542f-4519-a6ac-cc50ab162b19"},"type":"OpenApiConnection","inputs":{"host":{"apiId":"/providers/Microsoft.PowerApps/apis/shared_powerappsforadmins","connectionName":"shared_powerappsforadmins_1","operationId":"Set-AdminAppOwner"},"parameters":{"environment":"@items('For_each_app')?['properties/environment/name']","app":"@items('For_each_app')?['name']","api-version":"2016-11-01","Content-Type":" application/json","body/roleForOldAppOwner":"CanView","body/newAppOwner":"@outputs('Get_my_profile_(V2)_2')?['body/id']"},"authentication":"@parameters('$authentication')"},"description":"TODO: init Environment Admin variable above, grab object ID. insert below as owner"}},"runAfter":{"Set_oldOwner_to_Old_Owner_Name":["Succeeded"]},"expression":{"equals":["",false]},"metadata":{"operationMetadataId":"3fedbb9e-9e95-4fa4-b962-1f9555e4c201"},"type":"If","description":"[Account Enabled] if True, then user would be considered enabled. False Value=Disabled"},"Set_oldOwner_to_Old_Owner_Name":{"runAfter":{"Get_app_owner_profile":["Succeeded"]},"metadata":{"operationMetadataId":"8c58666c-76d4-4b1c-9d76-077707499aa6"},"type":"SetVariable","inputs":{"name":"oldOwnerName","value":"@items('For_each_app')?['properties/owner/displayName']"},"description":"Set Value for Current Owner of the App"},"Get_app_owner_profile":{"runAfter":{},"metadata":{"operationMetadataId":"7e300086-d42a-4057-8596-bbdc27ab683d"},"type":"OpenApiConnection","inputs":{"host":{"apiId":"/providers/Microsoft.PowerApps/apis/shared_office365users","connectionName":"shared_office365users","operationId":"UserProfile_V2"},"parameters":{"id":"@items('For_each_app')?['properties/owner/id']"},"authentication":"@parameters('$authentication')"},"description":"Owner Profile for Current App"}},"runAfter":{"Get_Apps_from_Environments":["Succeeded"]},"metadata":{"operationMetadataId":"3f35b2ea-69fe-4513-8a36-7c8bc9ff5e50"},"type":"Foreach","description":"Lookup owner for each app, then set new owner to this Flow's owner if the app owner is disabled"}},"runAfter":{"List_Environments_as_Admin":["Succeeded"]},"metadata":{"operationMetadataId":"a3409e1c-272c-4cff-b2cb-c9edd57c9ac3"},"type":"Foreach"},"List_Environments_as_Admin":{"runAfter":{"Init_Message":["Succeeded"]},"metadata":{"operationMetadataId":"2104b1da-d7e8-46f9-ba3d-40d1b08ae125"},"type":"OpenApiConnection","inputs":{"host":{"apiId":"/providers/Microsoft.PowerApps/apis/shared_powerplatformforadmins","connectionName":"shared_powerplatformforadmins_1","operationId":"Get-AdminEnvironment"},"parameters":{"api-version":"2018-10-01"},"authentication":"@parameters('$authentication')"}},"Initialize_variable":{"runAfter":{"init_array_flow":["Succeeded"]},"metadata":{"operationMetadataId":"2e5b7637-56cb-4807-b2b0-2e74b2371794"},"type":"InitializeVariable","inputs":{"variables":[{"name":"oldOwnerName","type":"string"}]}},"Terminate":{"runAfter":{"For_Each_app_in_Environment":["Succeeded"]},"metadata":{"operationMetadataId":"1d865b9d-d1b1-46e5-87f1-05138a78edf6"},"type":"Terminate","inputs":{"runStatus":"Succeeded"}},"Init_Message":{"runAfter":{"Initialize_variable":["Succeeded"]},"metadata":{"operationMetadataId":"84a0d4ef-9f64-4e20-a31b-7bb672cf4066"},"type":"InitializeVariable","inputs":{"variables":[{"name":"MessageBody","type":"string"}]}}},"description":"This flow looks for disabled users in Office 365, searches through all environments for any Power Platform apps owned by the disabled user, reassigns the app to the flow owner, then sends an email confirmation to the Admin making them aware that app ownership was reassigned."},"connectionReferences":{"shared_powerappsforadmins_1":{"connectionName":"shared-powerappsfora-6c7e601e-2228-4f41-b92f-8b82-0aafe046","source":"Embedded","id":"/providers/Microsoft.PowerApps/apis/shared_powerappsforadmins","tier":"NotSpecified"},"shared_office365":{"connectionName":"be59d10b02f94f3f8e10705332becb75","source":"Embedded","id":"/providers/Microsoft.PowerApps/apis/shared_office365","tier":"NotSpecified"},"shared_office365users":{"connectionName":"shared-office365user-04d1d8eb-2b33-4fd8-b20c-e44a-89166ad7","source":"Embedded","id":"/providers/Microsoft.PowerApps/apis/shared_office365users","tier":"NotSpecified"},"shared_powerplatformforadmins_1":{"connectionName":"shared-powerplatform-c303cd74-db97-420b-b003-dc8e4ea77733","source":"Embedded","id":"/providers/Microsoft.PowerApps/apis/shared_powerplatformforadmins","tier":"NotSpecified"}},"flowFailureAlertSubscribed":false,"isManaged":false}}